message_time_ms,request
46933,/metrics/a8in-ptf2/range?start=2010-01-01+08%3A00%3A00%3A000&end=2017-01-01+08%3A00%3A00%3A000
46686,/metrics/cwyj-k7nm/range?start=2010-01-01+08%3A00%3A00%3A000&end=2017-01-01+08%3A00%3A00%3A000
46298,/metrics/uyrb-xjgy/range?start=2010-01-01&end=2017-01-01&field=view-loaded
46218,/metrics/krt8-cmwv/range?start=2010-01-01+08%3A00%3A00%3A000&end=2017-01-01+08%3A00%3A00%3A000
46214,/metrics/uyrb-xjgy/range?start=2016-06-06&end=2017-01-01&field=view-loaded
46191,/metrics/uyrb-xjgy/range?start=2016-06-29&end=2017-01-01&field=view-loaded
45964,/metrics/mmdy-fzbu/range?start=2010-01-01+08%3A00%3A00%3A000&end=2017-01-01+08%3A00%3A00%3A000
45936,/metrics/xndu-x93h/range?start=2010-01-01+08%3A00%3A00%3A000&end=2017-01-01+08%3A00%3A00%3A000
45829,/metrics/u28r-w6ir/range?start=2010-01-01+08%3A00%3A00%3A000&end=2017-01-01+08%3A00%3A00%3A000
45673,/metrics/2uqy-pd2h/range?start=2010-01-01+08%3A00%3A00%3A000&end=2017-01-01+08%3A00%3A00%3A000
45621,/metrics/nym6-t8ji/range?start=2010-01-01+08%3A00%3A00%3A000&end=2017-01-01+08%3A00%3A00%3A000
45444,/metrics/5s92-3swv/range?start=2010-01-01+08%3A00%3A00%3A000&end=2017-01-01+08%3A00%3A00%3A000
45184,/metrics/cffk-yap7/range?start=2010-01-01+08%3A00%3A00%3A000&end=2017-01-01+08%3A00%3A00%3A000
44985,/metrics/mmk2-b7uj/range?start=2010-01-01+08%3A00%3A00%3A000&end=2017-01-01+08%3A00%3A00%3A000
44849,/metrics/4ti7-c5rn/range?start=2010-01-01+08%3A00%3A00%3A000&end=2017-01-01+08%3A00%3A00%3A000
44775,/metrics/8hn8-ssjy/range?start=2010-01-01+08%3A00%3A00%3A000&end=2017-01-01+08%3A00%3A00%3A000
44572,/metrics/2ng2-truj/range?start=2010-01-01+08%3A00%3A00%3A000&end=2017-01-01+08%3A00%3A00%3A000
44435,/metrics/cpju-52g8/range?start=2010-01-01+08%3A00%3A00%3A000&end=2017-01-01+08%3A00%3A00%3A000
44348,/metrics/qs2u-wh7s/range?start=2010-01-01+08%3A00%3A00%3A000&end=2017-01-01+08%3A00%3A00%3A000
44295,/metrics/6ty2-cab7/range?start=2010-01-01+08%3A00%3A00%3A000&end=2017-01-01+08%3A00%3A00%3A000
44129,/metrics/b74b-t2z3/range?start=2010-01-01+08%3A00%3A00%3A000&end=2017-01-01+08%3A00%3A00%3A000
43979,/metrics/iwdf-hygm/range?start=2010-01-01+08%3A00%3A00%3A000&end=2017-01-01+08%3A00%3A00%3A000
43898,/metrics/y9x5-tqf4/range?start=2010-01-01+08%3A00%3A00%3A000&end=2017-01-01+08%3A00%3A00%3A000
43866,/metrics/pmxe-irvb/range?start=2010-01-01+08%3A00%3A00%3A000&end=2017-01-01+08%3A00%3A00%3A000
43839,/metrics/fvbp-9u9x/range?start=2010-01-01&end=2017-01-01&field=view-loaded
43783,/metrics/fvbp-9u9x/range?start=2016-06-06&end=2017-01-01&field=view-loaded
43783,/metrics/pauv-bieq/range?start=2010-01-01+08%3A00%3A00%3A000&end=2017-01-01+08%3A00%3A00%3A000
43759,/metrics/fvbp-9u9x/range?start=2016-06-29&end=2017-01-01&field=view-loaded
43720,/metrics/2c92-h7a9/range?start=2010-01-01+08%3A00%3A00%3A000&end=2017-01-01+08%3A00%3A00%3A000
43572,/metrics/adf3-7bbb/range?start=2010-01-01+08%3A00%3A00%3A000&end=2017-01-01+08%3A00%3A00%3A000
43536,/metrics/m3vg-bmhw/range?start=2010-01-01+08%3A00%3A00%3A000&end=2017-01-01+08%3A00%3A00%3A000
43305,/metrics/kn86-qkjv/range?start=2010-01-01+08%3A00%3A00%3A000&end=2017-01-01+08%3A00%3A00%3A000
43214,/metrics/g5h3-jkgt/range?start=2010-01-01+08%3A00%3A00%3A000&end=2017-01-01+08%3A00%3A00%3A000
43106,/metrics/jtw3-d95z/range?start=2010-01-01+08%3A00%3A00%3A000&end=2017-01-01+08%3A00%3A00%3A000
43094,/metrics/mmk8-n6j4/range?start=2010-01-01+08%3A00%3A00%3A000&end=2017-01-01+08%3A00%3A00%3A000
43045,/metrics/ezcs-vf3t/range?start=2010-01-01+08%3A00%3A00%3A000&end=2017-01-01+08%3A00%3A00%3A000
43033,/metrics/8ugt-xmgj/range?start=2010-01-01+08%3A00%3A00%3A000&end=2017-01-01+08%3A00%3A00%3A000
42955,/metrics/pasx-mnuv/range?start=2010-01-01+08%3A00%3A00%3A000&end=2017-01-01+08%3A00%3A00%3A000
42825,/metrics/mq7m-fbth/range?start=2010-01-01+08%3A00%3A00%3A000&end=2017-01-01+08%3A00%3A00%3A000
42815,/metrics/xtpq-k4hf/range?start=2010-01-01+08%3A00%3A00%3A000&end=2017-01-01+08%3A00%3A00%3A000
42633,/metrics/5ksq-yf45/range?start=2010-01-01+08%3A00%3A00%3A000&end=2017-01-01+08%3A00%3A00%3A000
42575,/metrics/nytz-rwsz/range?start=2010-01-01+08%3A00%3A00%3A000&end=2017-01-01+08%3A00%3A00%3A000
42474,/metrics/vbg8-ewza/range?start=2010-01-01&end=2017-01-01&field=view-loaded
42460,/metrics/miyr-ap4j/range?start=2010-01-01+08%3A00%3A00%3A000&end=2017-01-01+08%3A00%3A00%3A000
42417,/metrics/tj9f-pwmj/range?start=2010-01-01+08%3A00%3A00%3A000&end=2017-01-01+08%3A00%3A00%3A000
42411,/metrics/n2wn-de57/range?start=2010-01-01+08%3A00%3A00%3A000&end=2017-01-01+08%3A00%3A00%3A000
42364,/metrics/vbg8-ewza/range?start=2016-06-06&end=2017-01-01&field=view-loaded
42339,/metrics/vbg8-ewza/range?start=2016-06-29&end=2017-01-01&field=view-loaded
42233,/metrics/qkjw-6hec/range?start=2010-01-01+08%3A00%3A00%3A000&end=2017-01-01+08%3A00%3A00%3A000
42171,/metrics/xp5j-d5m5/range?start=2010-01-01+08%3A00%3A00%3A000&end=2017-01-01+08%3A00%3A00%3A000
42157,/metrics/fvbp-9u9x/range?start=2010-01-01+08%3A00%3A00%3A000&end=2017-01-01+08%3A00%3A00%3A000
42086,/metrics/7gwu-nztq/range?start=2010-01-01+08%3A00%3A00%3A000&end=2017-01-01+08%3A00%3A00%3A000
42016,/metrics/8q6r-yrtk/range?start=2010-01-01+08%3A00%3A00%3A000&end=2017-01-01+08%3A00%3A00%3A000
41964,/metrics/52rd-ev5d/range?start=2010-01-01+08%3A00%3A00%3A000&end=2017-01-01+08%3A00%3A00%3A000
41871,/metrics/ub4y-btmh/range?start=2010-01-01+08%3A00%3A00%3A000&end=2017-01-01+08%3A00%3A00%3A000
41867,/metrics/9ax3-2hmt/range?start=2010-01-01+08%3A00%3A00%3A000&end=2017-01-01+08%3A00%3A00%3A000
41824,/metrics/mu92-nw4s/range?start=2010-01-01+08%3A00%3A00%3A000&end=2017-01-01+08%3A00%3A00%3A000
41784,/metrics/ub4y-btmh/range?start=2010-01-01+08%3A00%3A00%3A000&end=2017-01-01+08%3A00%3A00%3A000
41640,/metrics/remb-sp3e/range?start=2010-01-01+08%3A00%3A00%3A000&end=2017-01-01+08%3A00%3A00%3A000
41621,/metrics/d7rs-dp2p/range?start=2010-01-01+08%3A00%3A00%3A000&end=2017-01-01+08%3A00%3A00%3A000
41465,/metrics/rbf6-rdku/range?start=2010-01-01+08%3A00%3A00%3A000&end=2017-01-01+08%3A00%3A00%3A000
41409,/metrics/cu2g-ge4c/range?start=2010-01-01+08%3A00%3A00%3A000&end=2017-01-01+08%3A00%3A00%3A000
41380,/metrics/j3hx-gq3j/range?start=2010-01-01+08%3A00%3A00%3A000&end=2017-01-01+08%3A00%3A00%3A000
41340,/metrics/282p-4kc4/range?start=2010-01-01+08%3A00%3A00%3A000&end=2017-01-01+08%3A00%3A00%3A000
41312,/metrics/avje-t7i4/range?start=2010-01-01+08%3A00%3A00%3A000&end=2017-01-01+08%3A00%3A00%3A000
41254,/metrics/dg4a-fmh4/range?start=2010-01-01+08%3A00%3A00%3A000&end=2017-01-01+08%3A00%3A00%3A000
41184,/metrics/npqx-d978/range?start=2010-01-01+08%3A00%3A00%3A000&end=2017-01-01+08%3A00%3A00%3A000
41008,/metrics/8grz-ztua/range?start=2010-01-01+08%3A00%3A00%3A000&end=2017-01-01+08%3A00%3A00%3A000
40946,/metrics/phbm-2pq6/range?start=2010-01-01+08%3A00%3A00%3A000&end=2017-01-01+08%3A00%3A00%3A000
40848,/metrics/vbg8-ewza/range?start=2010-01-01+08%3A00%3A00%3A000&end=2017-01-01+08%3A00%3A00%3A000
40803,/metrics/h9yi-bq6d/range?start=2010-01-01+08%3A00%3A00%3A000&end=2017-01-01+08%3A00%3A00%3A000
40700,/metrics/ghcz-544u/range?start=2010-01-01+08%3A00%3A00%3A000&end=2017-01-01+08%3A00%3A00%3A000
40682,/metrics/kkd9-8a4e/range?start=2010-01-01+08%3A00%3A00%3A000&end=2017-01-01+08%3A00%3A00%3A000
40475,/metrics/ugim-u57y/range?start=2010-01-01+08%3A00%3A00%3A000&end=2017-01-01+08%3A00%3A00%3A000
40320,/metrics/ja5q-255x/range?start=2010-01-01+08%3A00%3A00%3A000&end=2017-01-01+08%3A00%3A00%3A000
40308,/metrics/5tbv-wd2m/range?start=2010-01-01+08%3A00%3A00%3A000&end=2017-01-01+08%3A00%3A00%3A000
40085,/metrics/3pfj-ueyw/range?start=2010-01-01+08%3A00%3A00%3A000&end=2017-01-01+08%3A00%3A00%3A000
40060,/metrics/69rp-pdhb/range?start=2010-01-01+08%3A00%3A00%3A000&end=2017-01-01+08%3A00%3A00%3A000
40030,/metrics/wr9a-9pw2/range?start=2010-01-01+08%3A00%3A00%3A000&end=2017-01-01+08%3A00%3A00%3A000
39855,/metrics/bfmn-qmdb/range?start=2010-01-01+08%3A00%3A00%3A000&end=2017-01-01+08%3A00%3A00%3A000
39834,/metrics/jc4q-e3ez/range?start=2010-01-01+08%3A00%3A00%3A000&end=2017-01-01+08%3A00%3A00%3A000
39760,/metrics/twdc-xwkh/range?start=2010-01-01+08%3A00%3A00%3A000&end=2017-01-01+08%3A00%3A00%3A000
39691,/metrics/w7kx-58dk/range?start=2010-01-01+08%3A00%3A00%3A000&end=2017-01-01+08%3A00%3A00%3A000
39632,/metrics/dsy8-quxj/range?start=2010-01-01+08%3A00%3A00%3A000&end=2017-01-01+08%3A00%3A00%3A000
39521,/metrics/5wbe-um3a/range?start=2010-01-01+08%3A00%3A00%3A000&end=2017-01-01+08%3A00%3A00%3A000
39507,/metrics/63uz-aq6m/range?start=2010-01-01+08%3A00%3A00%3A000&end=2017-01-01+08%3A00%3A00%3A000
39484,/metrics/vhfz-nbby/range?start=2010-01-01+08%3A00%3A00%3A000&end=2017-01-01+08%3A00%3A00%3A000
39264,/metrics/bcc7-bnbq/range?start=2010-01-01+08%3A00%3A00%3A000&end=2017-01-01+08%3A00%3A00%3A000
39260,/metrics/67ff-mkvq/range?start=2010-01-01+08%3A00%3A00%3A000&end=2017-01-01+08%3A00%3A00%3A000
38973,/metrics/bahb-4ccp/range?start=2010-01-01+08%3A00%3A00%3A000&end=2017-01-01+08%3A00%3A00%3A000
38841,/metrics/4mtp-tq5d/range?start=2010-01-01+08%3A00%3A00%3A000&end=2017-01-01+08%3A00%3A00%3A000
38835,/metrics/hzpk-jyxm/range?start=2010-01-01+08%3A00%3A00%3A000&end=2017-01-01+08%3A00%3A00%3A000
38773,/metrics/424z-afgt/range?start=2010-01-01+08%3A00%3A00%3A000&end=2017-01-01+08%3A00%3A00%3A000
38733,/metrics/g3qu-7q2u/range?start=2010-01-01+08%3A00%3A00%3A000&end=2017-01-01+08%3A00%3A00%3A000
38538,/metrics/nidc-w2e9/range?start=2010-01-01+08%3A00%3A00%3A000&end=2017-01-01+08%3A00%3A00%3A000
38519,/metrics/367a-pzf9/range?start=2010-01-01+08%3A00%3A00%3A000&end=2017-01-01+08%3A00%3A00%3A000
38509,/metrics/r2mi-3qxp/range?start=2010-01-01+08%3A00%3A00%3A000&end=2017-01-01+08%3A00%3A00%3A000
38275,/metrics/95rr-8ywe/range?start=2010-01-01&end=2017-01-01&field=view-loaded
38255,/metrics/wicr-gf95/range?start=2010-01-01+08%3A00%3A00%3A000&end=2017-01-01+08%3A00%3A00%3A000
38253,/metrics/qmhm-azv5/range?start=2010-01-01+08%3A00%3A00%3A000&end=2017-01-01+08%3A00%3A00%3A000
38216,/metrics/95rr-8ywe/range?start=2016-06-06&end=2017-01-01&field=view-loaded
38168,/metrics/95rr-8ywe/range?start=2016-06-29&end=2017-01-01&field=view-loaded
38085,/metrics/6j6i-qb4m/range?start=2010-01-01+08%3A00%3A00%3A000&end=2017-01-01+08%3A00%3A00%3A000
38080,/metrics/stories-views-loaded-7/range?start=2015-07-06+23%3A19%3A00%3A000&end=2016-07-06+23%3A19%3A00%3A000
37984,/metrics/4fjz-sk24/range?start=2010-01-01+08%3A00%3A00%3A000&end=2017-01-01+08%3A00%3A00%3A000
37898,/metrics/2ap3-bxkv/range?start=2010-01-01+08%3A00%3A00%3A000&end=2017-01-01+08%3A00%3A00%3A000
37779,/metrics/4s72-akns/range?start=2010-01-01+08%3A00%3A00%3A000&end=2017-01-01+08%3A00%3A00%3A000
37772,/metrics/pmyx-ez25/range?start=2010-01-01+08%3A00%3A00%3A000&end=2017-01-01+08%3A00%3A00%3A000
37573,/metrics/qmym-sdq6/range?start=2010-01-01&end=2017-01-01&field=view-loaded
37555,/metrics/5966-e7cm/range?start=2010-01-01+08%3A00%3A00%3A000&end=2017-01-01+08%3A00%3A00%3A000
37512,/metrics/qmym-sdq6/range?start=2016-06-06&end=2017-01-01&field=view-loaded
37491,/metrics/qmym-sdq6/range?start=2016-06-29&end=2017-01-01&field=view-loaded
37403,/metrics/p6zj-e5ty/range?start=2010-01-01+08%3A00%3A00%3A000&end=2017-01-01+08%3A00%3A00%3A000
37397,/metrics/nkkt-2c9e/range?start=2010-01-01+08%3A00%3A00%3A000&end=2017-01-01+08%3A00%3A00%3A000
37388,/metrics/c5px-88mg/range?start=2010-01-01+08%3A00%3A00%3A000&end=2017-01-01+08%3A00%3A00%3A000
37384,/metrics/b73d-zkbj/range?start=2010-01-01+08%3A00%3A00%3A000&end=2017-01-01+08%3A00%3A00%3A000
37381,/metrics/pdh7-gv6x/range?start=2010-01-01+08%3A00%3A00%3A000&end=2017-01-01+08%3A00%3A00%3A000
37374,/metrics/views-loaded-7/range?start=2015-07-06+23%3A19%3A00%3A000&end=2016-07-06+23%3A19%3A00%3A000
37369,/metrics/ivgq-trxk/range?start=2010-01-01+08%3A00%3A00%3A000&end=2017-01-01+08%3A00%3A00%3A000
37154,/metrics/adr6-3vkk/range?start=2010-01-01+08%3A00%3A00%3A000&end=2017-01-01+08%3A00%3A00%3A000
37137,/metrics/c6pc-88u5/range?start=2010-01-01+08%3A00%3A00%3A000&end=2017-01-01+08%3A00%3A00%3A000
36867,/metrics/kma4-eaiz/range?start=2010-01-01+08%3A00%3A00%3A000&end=2017-01-01+08%3A00%3A00%3A000
36773,/metrics/tfim-i7dt/range?start=2010-01-01+08%3A00%3A00%3A000&end=2017-01-01+08%3A00%3A00%3A000
36749,/metrics/xe3j-bhdy/range?start=2010-01-01+08%3A00%3A00%3A000&end=2017-01-01+08%3A00%3A00%3A000
36702,/metrics/nicb-q3hm/range?start=2010-01-01+08%3A00%3A00%3A000&end=2017-01-01+08%3A00%3A00%3A000
36450,/metrics/imvr-ibph/range?start=2010-01-01+08%3A00%3A00%3A000&end=2017-01-01+08%3A00%3A00%3A000
36350,/metrics/vu9b-mvjk/range?start=2010-01-01+08%3A00%3A00%3A000&end=2017-01-01+08%3A00%3A00%3A000
36299,/metrics/47cz-qmsv/range?start=2010-01-01+08%3A00%3A00%3A000&end=2017-01-01+08%3A00%3A00%3A000
36296,/metrics/uwww-rdrk/range?start=2010-01-01+08%3A00%3A00%3A000&end=2017-01-01+08%3A00%3A00%3A000
36214,/metrics/95rr-8ywe/range?start=2010-01-01+08%3A00%3A00%3A000&end=2017-01-01+08%3A00%3A00%3A000
36132,/metrics/nftp-8fd6/range?start=2010-01-01+08%3A00%3A00%3A000&end=2017-01-01+08%3A00%3A00%3A000
35953,/metrics/qmym-sdq6/range?start=2010-01-01+08%3A00%3A00%3A000&end=2017-01-01+08%3A00%3A00%3A000
35509,/metrics/hnu7-jdgk/range?start=2010-01-01+08%3A00%3A00%3A000&end=2017-01-01+08%3A00%3A00%3A000
35185,/metrics/jj36-xsub/range?start=2010-01-01+08%3A00%3A00%3A000&end=2017-01-01+08%3A00%3A00%3A000
35178,/metrics/rsw8-8z5q/range?start=2010-01-01+00%3A00%3A00%3A000&end=2017-01-01+00%3A00%3A00%3A000
34698,/metrics/rabz-9hrc/range?start=2010-01-01+08%3A00%3A00%3A000&end=2017-01-01+08%3A00%3A00%3A000
34681,/metrics/pzry-uabd/range?start=2010-01-01+08%3A00%3A00%3A000&end=2017-01-01+08%3A00%3A00%3A000
34478,/metrics/8nn5-fdsr/range?start=2010-01-01+08%3A00%3A00%3A000&end=2017-01-01+08%3A00%3A00%3A000
34396,/metrics/gxae-gzbt/range?start=2010-01-01+08%3A00%3A00%3A000&end=2017-01-01+08%3A00%3A00%3A000
34247,/metrics/tgvs-en4v/range?start=2010-01-01+08%3A00%3A00%3A000&end=2017-01-01+08%3A00%3A00%3A000
33950,/metrics/e25z-z2xw/range?start=2010-01-01+08%3A00%3A00%3A000&end=2017-01-01+08%3A00%3A00%3A000
33609,/metrics/fd7c-nbak/range?start=2010-01-01+08%3A00%3A00%3A000&end=2017-01-01+08%3A00%3A00%3A000
33299,/metrics/2f6i-vcud/range?start=2010-01-01+08%3A00%3A00%3A000&end=2017-01-01+08%3A00%3A00%3A000
33134,/metrics/easj-hfzk/range?start=2010-01-01+08%3A00%3A00%3A000&end=2017-01-01+08%3A00%3A00%3A000
33061,/metrics/ut9s-ex2q/range?start=2010-01-01+08%3A00%3A00%3A000&end=2017-01-01+08%3A00%3A00%3A000
32724,/metrics/nafk-byyu/range?start=2010-01-01+08%3A00%3A00%3A000&end=2017-01-01+08%3A00%3A00%3A000
32295,/metrics/sdfd-b2eq/range?start=2010-01-01+08%3A00%3A00%3A000&end=2017-01-01+08%3A00%3A00%3A000
31843,/metrics/qjgb-ybtd/range?start=2010-01-01+08%3A00%3A00%3A000&end=2017-01-01+08%3A00%3A00%3A000
31297,/metrics/8j9b-zsbx/range?start=2010-01-01+08%3A00%3A00%3A000&end=2017-01-01+08%3A00%3A00%3A000
30784,/metrics/fkk2-vtre/range?start=2010-01-01+08%3A00%3A00%3A000&end=2017-01-01+08%3A00%3A00%3A000
30545,/metrics/hma8-r3ck/range?start=2010-01-01+08%3A00%3A00%3A000&end=2017-01-01+08%3A00%3A00%3A000
30075,/metrics/83wq-xx7i/range?start=2010-01-01+08%3A00%3A00%3A000&end=2017-01-01+08%3A00%3A00%3A000
29644,/metrics/4yiu-fgtf/range?start=2010-01-01+08%3A00%3A00%3A000&end=2017-01-01+08%3A00%3A00%3A000
29466,/metrics/3pad-xpna/range?start=2010-01-01+08%3A00%3A00%3A000&end=2017-01-01+08%3A00%3A00%3A000
29136,/metrics/x6nr-xep3/range?start=2010-01-01+08%3A00%3A00%3A000&end=2017-01-01+08%3A00%3A00%3A000
27845,/metrics/j5bn-9xv9/range?start=2010-01-01+08%3A00%3A00%3A000&end=2017-01-01+08%3A00%3A00%3A000
27621,/metrics/bbkg-kmnd/range?start=2010-01-01+08%3A00%3A00%3A000&end=2017-01-01+08%3A00%3A00%3A000
27349,/metrics/ph3q-ru66/range?start=2010-01-01+08%3A00%3A00%3A000&end=2017-01-01+08%3A00%3A00%3A000
26882,/metrics/7ukg-ztdc/range?start=2010-01-01+08%3A00%3A00%3A000&end=2017-01-01+08%3A00%3A00%3A000
26649,/metrics/pzrq-bcjy/range?start=2010-01-01+08%3A00%3A00%3A000&end=2017-01-01+08%3A00%3A00%3A000
26134,/metrics/cgrx-ank8/range?start=2010-01-01+08%3A00%3A00%3A000&end=2017-01-01+08%3A00%3A00%3A000
25921,/metrics/3ad7-3j8e/range?start=2010-01-01+08%3A00%3A00%3A000&end=2017-01-01+08%3A00%3A00%3A000
25605,/metrics/ynfz-nwsb/range?start=2010-01-01+08%3A00%3A00%3A000&end=2017-01-01+08%3A00%3A00%3A000
25412,/metrics/tgnp-4h2a/range?start=2010-01-01+08%3A00%3A00%3A000&end=2017-01-01+08%3A00%3A00%3A000
25014,/metrics/5w2w-f7se/range?start=2010-01-01+08%3A00%3A00%3A000&end=2017-01-01+08%3A00%3A00%3A000
24717,/metrics/2zj4-g78q/range?start=2010-01-01+08%3A00%3A00%3A000&end=2017-01-01+08%3A00%3A00%3A000
24323,/metrics/ars2-ba2v/range?start=2010-01-01+08%3A00%3A00%3A000&end=2017-01-01+08%3A00%3A00%3A000
24087,/metrics/bkzv-cgut/range?start=2010-01-01+08%3A00%3A00%3A000&end=2017-01-01+08%3A00%3A00%3A000
23937,/metrics/cyhd-y7a6/range?start=2010-01-01+08%3A00%3A00%3A000&end=2017-01-01+08%3A00%3A00%3A000
23757,/metrics/3h6a-euk5/range?start=2010-01-01+08%3A00%3A00%3A000&end=2017-01-01+08%3A00%3A00%3A000
23599,/metrics/3t57-zzrg/range?start=2010-01-01+08%3A00%3A00%3A000&end=2017-01-01+08%3A00%3A00%3A000
23508,/metrics/vvxe-raq8/range?start=2010-01-01+08%3A00%3A00%3A000&end=2017-01-01+08%3A00%3A00%3A000
23416,/metrics/c4sp-ph6b/range?start=2010-01-01+08%3A00%3A00%3A000&end=2017-01-01+08%3A00%3A00%3A000
23194,/metrics/4z5q-9z8z/range?start=2010-01-01+08%3A00%3A00%3A000&end=2017-01-01+08%3A00%3A00%3A000
23001,/metrics/bfam-dn8a/range?start=2010-01-01+08%3A00%3A00%3A000&end=2017-01-01+08%3A00%3A00%3A000
22906,/metrics/wkue-ycpk/range?start=2010-01-01+08%3A00%3A00%3A000&end=2017-01-01+08%3A00%3A00%3A000
22519,/metrics/u2it-4ndz/range?start=2010-01-01+08%3A00%3A00%3A000&end=2017-01-01+08%3A00%3A00%3A000
22326,/metrics/ipek-7f6m/range?start=2010-01-01+08%3A00%3A00%3A000&end=2017-01-01+08%3A00%3A00%3A000
21975,/metrics/hbu9-xsrx/range?start=2010-01-01+08%3A00%3A00%3A000&end=2017-01-01+08%3A00%3A00%3A000
21685,/metrics/jea7-tadj/range?start=2010-01-01+08%3A00%3A00%3A000&end=2017-01-01+08%3A00%3A00%3A000
21198,/metrics/c3wu-4gii/range?start=2010-01-01+08%3A00%3A00%3A000&end=2017-01-01+08%3A00%3A00%3A000
20933,/metrics/prf3-2ue6/range?start=2010-01-01+08%3A00%3A00%3A000&end=2017-01-01+08%3A00%3A00%3A000
20662,/metrics/h87e-shkn/range?start=2010-01-01+08%3A00%3A00%3A000&end=2017-01-01+08%3A00%3A00%3A000
20471,/metrics/tvpp-9vvx/range?start=2010-01-01+08%3A00%3A00%3A000&end=2017-01-01+08%3A00%3A00%3A000
20324,/metrics/9n2n-hkug/range?start=2010-01-01+08%3A00%3A00%3A000&end=2017-01-01+08%3A00%3A00%3A000
20177,/metrics/j6ik-kjbs/range?start=2010-01-01+08%3A00%3A00%3A000&end=2017-01-01+08%3A00%3A00%3A000
20168,/metrics/dj3h-knvh/range?start=2010-01-01+00%3A00%3A00%3A000&end=2017-01-01+00%3A00%3A00%3A000
20036,/metrics/7cqi-bt79/range?start=2010-01-01+08%3A00%3A00%3A000&end=2017-01-01+08%3A00%3A00%3A000
19964,/metrics/uyku-mmr8/range?start=2010-01-01+08%3A00%3A00%3A000&end=2017-01-01+08%3A00%3A00%3A000
19893,/metrics/aqsn-u5q8/range?start=2010-01-01+00%3A00%3A00%3A000&end=2017-01-01+00%3A00%3A00%3A000
19843,/metrics/ucyk-8wkf/range?start=2010-01-01+08%3A00%3A00%3A000&end=2017-01-01+08%3A00%3A00%3A000
19732,/metrics/ib4k-pica/range?start=2010-01-01+08%3A00%3A00%3A000&end=2017-01-01+08%3A00%3A00%3A000
19680,/metrics/9dci-ha9t/range?start=2010-01-01+08%3A00%3A00%3A000&end=2017-01-01+08%3A00%3A00%3A000
19339,/metrics/sqvm-nghh/range?start=2010-01-01+08%3A00%3A00%3A000&end=2017-01-01+08%3A00%3A00%3A000
19153,/metrics/ggsv-sxr8/range?start=2010-01-01+08%3A00%3A00%3A000&end=2017-01-01+08%3A00%3A00%3A000
18935,/metrics/mpr2-s2bd/range?start=2010-01-01+08%3A00%3A00%3A000&end=2017-01-01+08%3A00%3A00%3A000
18740,/metrics/5cek-rzcv/range?start=2010-01-01+08%3A00%3A00%3A000&end=2017-01-01+08%3A00%3A00%3A000
18668,/metrics/jy2w-2xgs/range?start=2010-01-01+08%3A00%3A00%3A000&end=2017-01-01+08%3A00%3A00%3A000
18446,/metrics/ws2f-fn87/range?start=2010-01-01+08%3A00%3A00%3A000&end=2017-01-01+08%3A00%3A00%3A000
18204,/metrics/xviu-ezkt/range?start=2010-01-01+08%3A00%3A00%3A000&end=2017-01-01+08%3A00%3A00%3A000
17929,/metrics/9mv2-qx56/range?start=2010-01-01+08%3A00%3A00%3A000&end=2017-01-01+08%3A00%3A00%3A000
17477,/metrics/hfgz-5y8m/range?start=2010-01-01+08%3A00%3A00%3A000&end=2017-01-01+08%3A00%3A00%3A000
16943,/metrics/4sc4-a2x2/range?start=2010-01-01+08%3A00%3A00%3A000&end=2017-01-01+08%3A00%3A00%3A000
16693,/metrics/gpaq-gmr6/range?start=2010-01-01+08%3A00%3A00%3A000&end=2017-01-01+08%3A00%3A00%3A000
16470,/metrics/np82-9s3f/range?start=2010-01-01+08%3A00%3A00%3A000&end=2017-01-01+08%3A00%3A00%3A000
16394,/metrics/cx5k-b3eq/range?start=2010-01-01+08%3A00%3A00%3A000&end=2017-01-01+08%3A00%3A00%3A000
16090,/metrics/wa32-bme6/range?start=2010-01-01+08%3A00%3A00%3A000&end=2017-01-01+08%3A00%3A00%3A000
16061,/metrics/wi3q-h6hb/range?start=2010-01-01+08%3A00%3A00%3A000&end=2017-01-01+08%3A00%3A00%3A000
15895,/metrics/mqmg-sm2c/range?start=2010-01-01+08%3A00%3A00%3A000&end=2017-01-01+08%3A00%3A00%3A000
15814,/version
15710,/metrics/ucsz-xe6d/range?start=2010-01-01+08%3A00%3A00%3A000&end=2017-01-01+08%3A00%3A00%3A000
15550,/version
15549,/version
15484,/metrics/3kv2-qnsc/range?start=2010-01-01+08%3A00%3A00%3A000&end=2017-01-01+08%3A00%3A00%3A000
15074,/metrics/umqh-ucyj/range?start=2010-01-01+08%3A00%3A00%3A000&end=2017-01-01+08%3A00%3A00%3A000
15018,/metrics/bin3-c64n/range?start=2010-01-01+08%3A00%3A00%3A000&end=2017-01-01+08%3A00%3A00%3A000
14844,/metrics/qv8i-e2m4/range?start=2010-01-01+08%3A00%3A00%3A000&end=2017-01-01+08%3A00%3A00%3A000
14698,/metrics/ye4r-qpmp/range?start=2010-01-01+08%3A00%3A00%3A000&end=2017-01-01+08%3A00%3A00%3A000
14591,/metrics/ezzz-mxcs/range?start=2010-01-01+08%3A00%3A00%3A000&end=2017-01-01+08%3A00%3A00%3A000
14430,/metrics/5unr-w4sc/range?start=2010-01-01+08%3A00%3A00%3A000&end=2017-01-01+08%3A00%3A00%3A000
14430,/metrics/n2wi-gunv/range?start=2010-01-01+08%3A00%3A00%3A000&end=2017-01-01+08%3A00%3A00%3A000
14311,/metrics/2fpa-bnsx/range?start=2010-01-01+08%3A00%3A00%3A000&end=2017-01-01+08%3A00%3A00%3A000
14287,/metrics/gj5i-gpvu/range?start=2010-01-01+08%3A00%3A00%3A000&end=2017-01-01+08%3A00%3A00%3A000
14226,/metrics/qzn8-mk53/range?start=2010-01-01+08%3A00%3A00%3A000&end=2017-01-01+08%3A00%3A00%3A000
14146,/metrics/cwiz-gcty/range?start=2010-01-01+08%3A00%3A00%3A000&end=2017-01-01+08%3A00%3A00%3A000
13955,/metrics/xng8-a4r9/range?start=2010-01-01+08%3A00%3A00%3A000&end=2017-01-01+08%3A00%3A00%3A000
13712,/metrics/ms4k-2qtz/range?start=2010-01-01+08%3A00%3A00%3A000&end=2017-01-01+08%3A00%3A00%3A000
13485,/metrics/j3zw-w5gx/range?start=2010-01-01+08%3A00%3A00%3A000&end=2017-01-01+08%3A00%3A00%3A000
13281,/metrics/qfss-s63i/range?start=2010-01-01+08%3A00%3A00%3A000&end=2017-01-01+08%3A00%3A00%3A000
12846,/metrics/unbe-yj5n/range?start=2010-01-01+08%3A00%3A00%3A000&end=2017-01-01+08%3A00%3A00%3A000
12625,/metrics/ipqg-w3ii/range?start=2010-01-01+08%3A00%3A00%3A000&end=2017-01-01+08%3A00%3A00%3A000
12470,/metrics/r9hk-46z3/range?start=2010-01-01+08%3A00%3A00%3A000&end=2017-01-01+08%3A00%3A00%3A000
12394,/metrics/x85a-kigi/range?start=2010-01-01+08%3A00%3A00%3A000&end=2017-01-01+08%3A00%3A00%3A000
12030,/metrics/8cfp-t7i9/range?start=2010-01-01+08%3A00%3A00%3A000&end=2017-01-01+08%3A00%3A00%3A000
11999,/metrics/g8gr-g6qf/range?start=2010-01-01+08%3A00%3A00%3A000&end=2017-01-01+08%3A00%3A00%3A000
11955,/version
11861,/metrics/9mge-siq7/range?start=2010-01-01+08%3A00%3A00%3A000&end=2017-01-01+08%3A00%3A00%3A000
11711,/metrics/4xmm-yrtn/range?start=2010-01-01+08%3A00%3A00%3A000&end=2017-01-01+08%3A00%3A00%3A000
11589,/metrics/4akf-4rz6/range?start=2010-01-01+08%3A00%3A00%3A000&end=2017-01-01+08%3A00%3A00%3A000
11461,/metrics/dsiz-yru5/range?start=2010-01-01+08%3A00%3A00%3A000&end=2017-01-01+08%3A00%3A00%3A000
11356,/metrics/dzsv-h5nf/range?start=2010-01-01+08%3A00%3A00%3A000&end=2017-01-01+08%3A00%3A00%3A000
11101,/metrics/pfp5-sgct/range?start=2010-01-01+08%3A00%3A00%3A000&end=2017-01-01+08%3A00%3A00%3A000
10821,/metrics/rup2-cie2/range?start=2010-01-01+08%3A00%3A00%3A000&end=2017-01-01+08%3A00%3A00%3A000
10660,/metrics/pwtb-6bwm/range?start=2010-01-01+08%3A00%3A00%3A000&end=2017-01-01+08%3A00%3A00%3A000
10430,/metrics/ni87-3ct5/range?start=2010-01-01+08%3A00%3A00%3A000&end=2017-01-01+08%3A00%3A00%3A000
10207,/metrics/6pgc-j9mz/range?start=2010-01-01+08%3A00%3A00%3A000&end=2017-01-01+08%3A00%3A00%3A000
9898,/metrics/eez7-2w7d/range?start=2010-01-01+08%3A00%3A00%3A000&end=2017-01-01+08%3A00%3A00%3A000
9655,/metrics/wcn8-9rqd/range?start=2010-01-01+08%3A00%3A00%3A000&end=2017-01-01+08%3A00%3A00%3A000
9335,/metrics/bh3d-tmy2/range?start=2010-01-01+08%3A00%3A00%3A000&end=2017-01-01+08%3A00%3A00%3A000
9220,/metrics/wgef-i4zu/range?start=2010-01-01+08%3A00%3A00%3A000&end=2017-01-01+08%3A00%3A00%3A000
8877,/metrics/hxr2-jkya/range?start=2010-01-01+08%3A00%3A00%3A000&end=2017-01-01+08%3A00%3A00%3A000
8606,/metrics/ks4y-bkny/range?start=2010-01-01+08%3A00%3A00%3A000&end=2017-01-01+08%3A00%3A00%3A000
8451,/metrics/fkrc-42z7/range?start=2010-01-01+08%3A00%3A00%3A000&end=2017-01-01+08%3A00%3A00%3A000
8143,/metrics/6m3j-a9na/range?start=2010-01-01+08%3A00%3A00%3A000&end=2017-01-01+08%3A00%3A00%3A000
7841,/metrics/y5iw-uepm/range?start=2010-01-01+08%3A00%3A00%3A000&end=2017-01-01+08%3A00%3A00%3A000
7526,/metrics/byg3-dcg9/range?start=2010-01-01+08%3A00%3A00%3A000&end=2017-01-01+08%3A00%3A00%3A000
7410,/metrics/mes4-htpx/range?start=2010-01-01+08%3A00%3A00%3A000&end=2017-01-01+08%3A00%3A00%3A000
7320,/metrics/jyrb-r76j/range?start=2010-01-01+08%3A00%3A00%3A000&end=2017-01-01+08%3A00%3A00%3A000
7217,/metrics/5mb4-vjqn/range?start=2010-01-01+08%3A00%3A00%3A000&end=2017-01-01+08%3A00%3A00%3A000
7065,/metrics/u6we-5xsj/range?start=2010-01-01+08%3A00%3A00%3A000&end=2017-01-01+08%3A00%3A00%3A000
6774,/metrics/mczh-24bu/range?start=2010-01-01+08%3A00%3A00%3A000&end=2017-01-01+08%3A00%3A00%3A000
6727,/metrics/djjb-j46y/range?start=2010-01-01+08%3A00%3A00%3A000&end=2017-01-01+08%3A00%3A00%3A000
6571,/metrics/9p7v-c7dy/range?start=2010-01-01+08%3A00%3A00%3A000&end=2017-01-01+08%3A00%3A00%3A000
6359,/metrics/kiq7-up72/range?start=2010-01-01+08%3A00%3A00%3A000&end=2017-01-01+08%3A00%3A00%3A000
6174,/metrics/6ddr-njxx/range?start=2010-01-01+08%3A00%3A00%3A000&end=2017-01-01+08%3A00%3A00%3A000
6130,/metrics/eew4-b6sb/range?start=2010-01-01+08%3A00%3A00%3A000&end=2017-01-01+08%3A00%3A00%3A000
6100,/metrics/hxcj-5dfn/range?start=2010-01-01+08%3A00%3A00%3A000&end=2017-01-01+08%3A00%3A00%3A000
5776,/metrics/b9dy-nne6/range?start=2010-01-01+08%3A00%3A00%3A000&end=2017-01-01+08%3A00%3A00%3A000
5514,/metrics/nyhy-qyrm/range?start=2010-01-01+08%3A00%3A00%3A000&end=2017-01-01+08%3A00%3A00%3A000
5361,/metrics/by28-r34b/range?start=2010-01-01+08%3A00%3A00%3A000&end=2017-01-01+08%3A00%3A00%3A000
5248,/metrics/rruu-2rcs/range?start=2010-01-01+08%3A00%3A00%3A000&end=2017-01-01+08%3A00%3A00%3A000
5117,/metrics/4fuy-9zd6/range?start=2010-01-01+08%3A00%3A00%3A000&end=2017-01-01+08%3A00%3A00%3A000
4998,/metrics/g6iv-tpii/range?start=2010-01-01+08%3A00%3A00%3A000&end=2017-01-01+08%3A00%3A00%3A000
4943,/metrics/ypuu-dyg2/range?start=2010-01-01+08%3A00%3A00%3A000&end=2017-01-01+08%3A00%3A00%3A000
4828,/metrics/es9u-fn8s/range?start=2010-01-01+08%3A00%3A00%3A000&end=2017-01-01+08%3A00%3A00%3A000
4682,/metrics/htje-zabz/range?start=2010-01-01+08%3A00%3A00%3A000&end=2017-01-01+08%3A00%3A00%3A000
4604,/metrics/2zv3-jre9/range?start=2010-01-01+08%3A00%3A00%3A000&end=2017-01-01+08%3A00%3A00%3A000
4370,/metrics/5cpk-4jv8/range?start=2010-01-01+08%3A00%3A00%3A000&end=2017-01-01+08%3A00%3A00%3A000
4316,/metrics/panx-k29j/range?start=2010-01-01+00%3A00%3A00%3A000&end=2017-01-01+00%3A00%3A00%3A000
4200,/metrics/kmrg-5kjc/range?start=2010-01-01+08%3A00%3A00%3A000&end=2017-01-01+08%3A00%3A00%3A000
3839,/metrics/tpvk-wfdx/range?start=2010-01-01+08%3A00%3A00%3A000&end=2017-01-01+08%3A00%3A00%3A000
3489,/metrics/8w6k-q7c8/range?start=2010-01-01+08%3A00%3A00%3A000&end=2017-01-01+08%3A00%3A00%3A000
3284,/metrics/pd8n-pa2i/range?start=2010-01-01+08%3A00%3A00%3A000&end=2017-01-01+08%3A00%3A00%3A000
3089,/metrics/3ni5-85y8/range?start=2010-01-01+08%3A00%3A00%3A000&end=2017-01-01+08%3A00%3A00%3A000
2735,/metrics/6pep-i2if/range?start=2010-01-01+08%3A00%3A00%3A000&end=2017-01-01+08%3A00%3A00%3A000
2557,/metrics/r98k-9799/range?start=2010-01-01+08%3A00%3A00%3A000&end=2017-01-01+08%3A00%3A00%3A000
2358,/metrics/82t3-qi8k/range?start=2010-01-01+08%3A00%3A00%3A000&end=2017-01-01+08%3A00%3A00%3A000
2280,/metrics/3rpr-5bik/range?start=2010-01-01+08%3A00%3A00%3A000&end=2017-01-01+08%3A00%3A00%3A000
2127,/metrics/miqs-rvtb/range?start=2010-01-01+08%3A00%3A00%3A000&end=2017-01-01+08%3A00%3A00%3A000
2091,/metrics/y6eu-qsv5/range?start=2010-01-01+08%3A00%3A00%3A000&end=2017-01-01+08%3A00%3A00%3A000
1947,/metrics/bhsc-hsxb/range?start=2010-01-01+08%3A00%3A00%3A000&end=2017-01-01+08%3A00%3A00%3A000
1932,/metrics/y4yc-78a4/range?start=2010-01-01+08%3A00%3A00%3A000&end=2017-01-01+08%3A00%3A00%3A000
1744,/metrics/xgse-vmv6/range?start=2010-01-01+08%3A00%3A00%3A000&end=2017-01-01+08%3A00%3A00%3A000
1590,/metrics/phum-nuw3/range?start=2010-01-01+08%3A00%3A00%3A000&end=2017-01-01+08%3A00%3A00%3A000
1560,/metrics/432v-a7hc/range?start=2010-01-01+08%3A00%3A00%3A000&end=2017-01-01+08%3A00%3A00%3A000
1405,/metrics/8qru-nyj8/range?start=2010-01-01+08%3A00%3A00%3A000&end=2017-01-01+08%3A00%3A00%3A000
1394,/metrics/dsj5-44nw/range?start=2010-01-01+08%3A00%3A00%3A000&end=2017-01-01+08%3A00%3A00%3A000
1206,/metrics/8kiv-2ukd/range?start=2010-01-01+08%3A00%3A00%3A000&end=2017-01-01+08%3A00%3A00%3A000
1201,/metrics/6ybs-b76e/range?start=2010-01-01+08%3A00%3A00%3A000&end=2017-01-01+08%3A00%3A00%3A000
1035,/metrics/xfjs-akcb/range?start=2010-01-01+08%3A00%3A00%3A000&end=2017-01-01+08%3A00%3A00%3A000
900,/metrics/y265-k2tp/range?start=2010-01-01+08%3A00%3A00%3A000&end=2017-01-01+08%3A00%3A00%3A000
794,/metrics/xywu-7bv9/range?start=2010-01-01+08%3A00%3A00%3A000&end=2017-01-01+08%3A00%3A00%3A000
733,/metrics/xyu9-riaz/range?start=2010-01-01+08%3A00%3A00%3A000&end=2017-01-01+08%3A00%3A00%3A000
625,/metrics/97pn-acdf/range?start=2010-01-01+08%3A00%3A00%3A000&end=2017-01-01+08%3A00%3A00%3A000
525,/metrics/rd7m-24wj/range?start=2010-01-01+08%3A00%3A00%3A000&end=2017-01-01+08%3A00%3A00%3A000
428,/metrics/swpk-hqdp/range?start=2010-01-01+08%3A00%3A00%3A000&end=2017-01-01+08%3A00%3A00%3A000
393,/metrics/mivh-63sr/range?start=2010-01-01+08%3A00%3A00%3A000&end=2017-01-01+08%3A00%3A00%3A000
294,/metrics/ynx6-mzdb/range?start=2010-01-01+08%3A00%3A00%3A000&end=2017-01-01+08%3A00%3A00%3A000
260,/metrics/i84a-dvni/range?start=2010-01-01+00%3A00%3A00%3A000&end=2017-01-01+00%3A00%3A00%3A000
260,/metrics/c2br-rrd8/range?start=2010-01-01+08%3A00%3A00%3A000&end=2017-01-01+08%3A00%3A00%3A000
87,/metrics/w9du-8cu6/range?start=2010-01-01+08%3A00%3A00%3A000&end=2017-01-01+08%3A00%3A00%3A000
87,/metrics/ayvq-xbr5/range?start=2010-01-01+08%3A00%3A00%3A000&end=2017-01-01+08%3A00%3A00%3A000
